time,sv,STEC
2026-01-01 00:00:00,G01,-6.15920920639828
2026-01-01 00:00:00,G02,40.19193395499473
2026-01-01 00:00:00,G10,-8.891346834681036
2026-01-01 00:00:00,G26,-23.80862784787861
2026-01-01 00:00:00,G28,8.377286083778333
2026-01-01 00:00:00,G31,22.8281045880484
2026-01-01 00:00:00,G32,-3.7697787217417043
2026-01-01 00:00:30,G01,7.682352133945563
2026-01-01 00:00:30,G02,38.792546392748775
2026-01-01 00:00:30,G10,-4.8359787674784585
2026-01-01 00:00:30,G26,-20.07692770553169
2026-01-01 00:00:30,G28,8.205932511965244
2026-01-01 00:00:30,G31,22.809065333814445
2026-01-01 00:00:30,G32,-11.690121959172945
2026-01-01 00:01:00,G01,17.468545442550262
2026-01-01 00:01:00,G02,39.64931432274109
2026-01-01 00:01:00,G10,-9.157896854981082
2026-01-01 00:01:00,G26,-12.727763088095328
2026-01-01 00:01:00,G28,12.261300543704387
2026-01-01 00:01:00,G31,22.88522245714058
2026-01-01 00:01:00,G32,-19.89605447113819
2026-01-01 00:01:30,G01,20.809940234759246
2026-01-01 00:01:30,G02,33.06172115134665
2026-01-01 00:01:30,G10,-9.605320074211198
2026-01-01 00:01:30,G26,-5.654668118075991
2026-01-01 00:01:30,G28,9.034141489679754
2026-01-01 00:01:30,G31,21.228804537174987
2026-01-01 00:01:30,G32,-22.304524245492157
2026-01-01 00:02:00,G01,10.214577238137425
2026-01-01 00:02:00,G02,29.53945312474417
2026-01-01 00:02:00,G10,-6.720868163812745
2026-01-01 00:02:00,G26,-4.693184147943174
2026-01-01 00:02:00,G28,10.82383440206365
2026-01-01 00:02:00,G31,28.806440595516616
2026-01-01 00:02:00,G32,-19.91509376083558
2026-01-01 00:02:30,G01,8.291609297871789
2026-01-01 00:02:30,G02,29.548972787324583
2026-01-01 00:02:30,G10,-10.033704003743921
2026-01-01 00:02:30,G26,-16.135795376513464
2026-01-01 00:02:30,G28,14.774486393662292
2026-01-01 00:02:30,G31,24.227492185757793
2026-01-01 00:02:30,G32,-11.975711269170382
2026-01-01 00:03:00,G01,8.25353075394044
2026-01-01 00:03:00,G02,25.874390443142968
2026-01-01 00:03:00,G10,-17.201995422250217
2026-01-01 00:03:00,G26,-20.41963484915787
2026-01-01 00:03:00,G28,15.831166776818632
2026-01-01 00:03:00,G31,22.999458159861494
2026-01-01 00:03:00,G32,2.3323126155644016
2026-01-01 00:03:30,G01,15.13623282698586
2026-01-01 00:03:30,G02,28.254301300682563
2026-01-01 00:03:30,G10,-11.77579874507949
2026-01-01 00:03:30,G26,-16.55465967892921
2026-01-01 00:03:30,G28,13.72732563762293
2026-01-01 00:03:30,G31,22.314043872609133
2026-01-01 00:03:30,G32,-21.000333096269724
2026-01-01 00:04:00,G01,17.69701688345553
2026-01-01 00:04:00,G02,32.45246395195699
2026-01-01 00:04:00,G10,-6.311523488513979
2026-01-01 00:04:00,G26,-14.774486393662292
2026-01-01 00:04:00,G28,16.0881971700017
2026-01-01 00:04:00,G31,21.333520612778926
2026-01-01 00:04:00,G32,-8.47248253226529
2026-01-01 00:04:30,G01,8.025059313035175
2026-01-01 00:04:30,G02,37.945298160800306
2026-01-01 00:04:30,G10,-1.19947503815506
2026-01-01 00:04:30,G26,-12.546889853701826
2026-01-01 00:04:30,G28,14.469857793967462
2026-01-01 00:04:30,G31,19.600945534023772
2026-01-01 00:04:30,G32,-8.205932547428679
2026-01-01 00:05:00,G01,-3.5317876537194617
2026-01-01 00:05:00,G02,36.7648623768792
2026-01-01 00:05:00,G10,-6.321043151094392
2026-01-01 00:05:00,G26,-13.527413113532035
2026-01-01 00:05:00,G28,16.392825734233096
2026-01-01 00:05:00,G31,23.170811767138016
2026-01-01 00:05:00,G32,-18.706099060100108
2026-01-01 00:05:30,G01,9.024621827099342
2026-01-01 00:05:30,G02,31.338665699708475
2026-01-01 00:05:30,G10,-12.565929143399217
2026-01-01 00:05:30,G26,-22.209327797005198
2026-01-01 00:05:30,G28,19.086884818584505
2026-01-01 00:05:30,G31,23.170811767138016
2026-01-01 00:05:30,G32,-12.613527349910978
2026-01-01 00:06:00,G01,19.76277947871988
2026-01-01 00:06:00,G02,31.18635141759278
2026-01-01 00:06:00,G10,-15.612214998493782
2026-01-01 00:06:00,G26,-14.393700635177895
2026-01-01 00:06:00,G28,16.05963825318733
2026-01-01 00:06:00,G31,22.161729555030004
2026-01-01 00:06:00,G32,-6.530475266838829
2026-01-01 00:06:30,G01,14.050993491551717
2026-01-01 00:06:30,G02,38.87822317865532
2026-01-01 00:06:30,G10,-14.688809607755747
2026-01-01 00:06:30,G26,-12.518330936887455
2026-01-01 00:06:30,G28,10.33833260343875
2026-01-01 00:06:30,G31,23.76102964136685
2026-01-01 00:06:30,G32,-5.13108774005631
2026-01-01 00:07:00,G01,10.347852266019165
2026-01-01 00:07:00,G02,38.50695711821477
2026-01-01 00:07:00,G10,-11.15702191857285
2026-01-01 00:07:00,G26,-13.813002423529474
2026-01-01 00:07:00,G28,12.651605929305761
2026-01-01 00:07:00,G31,26.26469582874434
2026-01-01 00:07:00,G32,-19.13448298963283
2026-01-01 00:07:30,G01,6.0925717101891275
2026-01-01 00:07:30,G02,34.384951590266475
2026-01-01 00:07:30,G10,-7.510998562132474
2026-01-01 00:07:30,G26,-10.081302245719117
2026-01-01 00:07:30,G28,13.30846129974375
2026-01-01 00:07:30,G31,26.04574405041949
2026-01-01 00:07:30,G32,-26.635961924648324
2026-01-01 00:08:00,G01,5.321480601566791
2026-01-01 00:08:00,G02,29.625129910650713
2026-01-01 00:08:00,G10,-7.97746107105998
2026-01-01 00:08:00,G26,-12.661125591886176
2026-01-01 00:08:00,G28,14.80304531047666
2026-01-01 00:08:00,G31,20.181643781135627
2026-01-01 00:08:00,G32,-18.487147281775254
2026-01-01 00:08:30,G01,21.038411640201073
2026-01-01 00:08:30,G02,34.49918725752396
2026-01-01 00:08:30,G10,-9.06270044195756
2026-01-01 00:08:30,G16,22.161729555030004
2026-01-01 00:08:30,G26,-18.287234757684363
2026-01-01 00:08:30,G28,15.81212748712124
2026-01-01 00:08:30,G31,21.03841167566451
2026-01-01 00:08:30,G32,36.01281055795426
2026-01-01 00:09:00,G01,14.526975663059636
2026-01-01 00:09:00,G02,44.19970378022211
2026-01-01 00:09:00,G10,-7.787068209549499
2026-01-01 00:09:00,G16,35.765299827351605
2026-01-01 00:09:00,G26,-14.66977028259492
2026-01-01 00:09:00,G28,17.45902577996985
2026-01-01 00:09:00,G31,25.3603297277037
2026-01-01 00:09:00,G32,40.277610740901274
2026-01-01 00:09:30,G01,10.62392191343619
2026-01-01 00:09:30,G02,43.85699663659593
2026-01-01 00:09:30,G10,-15.669332832122521
2026-01-01 00:09:30,G16,33.62338010876112
2026-01-01 00:09:30,G26,-13.260863093231988
2026-01-01 00:09:30,G28,16.659375754533144
2026-01-01 00:09:30,G31,26.331333324953494
2026-01-01 00:09:30,G32,34.65150153963965
2026-01-01 00:10:00,G01,13.917718463669974
2026-01-01 00:10:00,G02,34.30879443147691
2026-01-01 00:10:00,G10,-14.193788146550435
2026-01-01 00:10:00,G16,28.08294769340604
2026-01-01 00:10:00,G26,-15.183831033497622
2026-01-01 00:10:00,G28,14.879202469266227
2026-01-01 00:10:00,G31,21.647668839590732
2026-01-01 00:10:00,G32,18.153959765266055
2026-01-01 00:10:30,G01,6.5114360126048725
2026-01-01 00:10:30,G02,33.07124077846363
2026-01-01 00:10:30,G10,-8.586718234986206
2026-01-01 00:10:30,G16,19.953172340230363
2026-01-01 00:10:30,G26,-22.36164211458433
2026-01-01 00:10:30,G28,9.414927212700718
2026-01-01 00:10:30,G31,18.22059726147521
2026-01-01 00:10:30,G32,-18.553784777984408
2026-01-01 00:11:00,G01,5.578510959286425
2026-01-01 00:11:00,G02,35.62250520781632
2026-01-01 00:11:00,G10,-14.917281013197575
2026-01-01 00:11:00,G26,-17.230554339064586
2026-01-01 00:11:00,G28,11.433091565989875
2026-01-01 00:11:00,G31,19.867495518860384
2026-01-01 00:11:00,G32,-28.406615582798263
2026-01-01 00:11:30,G01,1.2756321969446263
2026-01-01 00:11:30,G02,36.74582308718181
2026-01-01 00:11:30,G10,-17.24959366422541
2026-01-01 00:11:30,G26,-12.58496843309661
2026-01-01 00:11:30,G28,13.022872025209745
2026-01-01 00:11:30,G31,23.4944796210668
2026-01-01 00:11:30,G32,-23.70391180773811
2026-01-01 00:12:00,G01,10.585843334041407
2026-01-01 00:12:00,G02,33.23307472315974
2026-01-01 00:12:00,G10,-12.442173778097889
2026-01-01 00:12:00,G26,-11.490209470545485
2026-01-01 00:12:00,G28,12.680164881583567
2026-01-01 00:12:00,G31,25.38888864451807
2026-01-01 00:12:00,G32,-18.201557971777817
2026-01-01 00:12:30,G01,14.736407814267508
2026-01-01 00:12:30,G02,37.49787490610676
2026-01-01 00:12:30,G10,-7.901303912270413
2026-01-01 00:12:30,G26,-11.518768387359854
2026-01-01 00:12:30,G28,6.435278853815307
2026-01-01 00:12:30,G31,22.333083162306526
2026-01-01 00:12:30,G32,-21.971336728982955
2026-01-01 00:13:00,G01,18.79177584600665
2026-01-01 00:13:00,G02,34.946610512217504
2026-01-01 00:13:00,G10,-12.147064805520037
2026-01-01 00:13:00,G26,-18.506186571472647
2026-01-01 00:13:00,G28,4.5884680723392375
2026-01-01 00:13:00,G31,21.40015810898808
2026-01-01 00:13:00,G32,-17.411427573458088
2026-01-01 00:13:30,G01,13.784443471251668
2026-01-01 00:13:30,G02,34.12792119708341
2026-01-01 00:13:30,G10,-16.849768616043626
2026-01-01 00:13:30,G26,-23.389763580926303
2026-01-01 00:13:30,G28,7.206369962437643
2026-01-01 00:13:30,G31,24.57019932938397
2026-01-01 00:13:30,G32,-10.34785223055573
2026-01-01 00:14:00,G01,15.050556041079316
2026-01-01 00:14:00,G02,35.85097661325815
2026-01-01 00:14:00,G10,-9.224534351190236
2026-01-01 00:14:00,G26,-18.29675438480134
2026-01-01 00:14:00,G28,14.25090601564261
2026-01-01 00:14:00,G31,19.26775801751457
2026-01-01 00:14:00,G32,10.576323706924429
2026-01-01 00:14:30,G01,17.830291875873833
2026-01-01 00:14:30,G02,40.458483975294776
2026-01-01 00:14:30,G10,-7.47291998273769
2026-01-01 00:14:30,G26,-10.65248083025056
2026-01-01 00:14:30,G28,15.098154247591077
2026-01-01 00:14:30,G31,22.894742084257555
2026-01-01 00:14:30,G32,12.461213067795281
2026-01-01 00:15:00,G01,9.395887923003325
2026-01-01 00:15:00,G02,38.059533863521224
2026-01-01 00:15:00,G10,-12.337457702493953
2026-01-01 00:15:00,G26,-10.49064688555445
2026-01-01 00:15:00,G28,15.183831033497622
2026-01-01 00:15:00,G31,22.066533142006477
2026-01-01 00:15:00,G32,-11.147502291455872
2026-01-01 00:15:30,G01,13.394138085650294
2026-01-01 00:15:30,G02,33.66145865269247
2026-01-01 00:15:30,G10,-7.986980733640393
2026-01-01 00:15:30,G26,-15.631254252727738
2026-01-01 00:15:30,G28,18.306274047381752
2026-01-01 00:15:30,G31,19.496229458419833
2026-01-01 00:15:30,G32,-38.668791062910884
2026-01-01 00:16:00,G01,12.575448770516196
2026-01-01 00:16:00,G02,35.88905519265293
2026-01-01 00:16:00,G10,-12.308898750216148
2026-01-01 00:16:00,G26,-20.45771342855265
2026-01-01 00:16:00,G28,20.94321522717755
2026-01-01 00:16:00,G31,20.46723305566963
2026-01-01 00:16:00,G32,-26.474128015415648
2026-01-01 00:16:30,G01,19.83893660204601
2026-01-01 00:16:30,G02,36.831499873088354
2026-01-01 00:16:30,G10,-16.183393583025225
2026-01-01 00:16:30,G26,-14.81256493759364
2026-01-01 00:16:30,G28,19.953172304766927
2026-01-01 00:16:30,G31,20.115006284926473
2026-01-01 00:16:30,G32,-11.337895152966352
2026-01-01 00:17:00,G01,17.820772248756857
2026-01-01 00:17:00,G02,38.77350710305139
2026-01-01 00:17:00,G10,-17.030641850437128
2026-01-01 00:17:00,G26,-12.137545213866494
2026-01-01 00:17:00,G28,19.210640148422396
2026-01-01 00:17:00,G31,20.876577730968396
2026-01-01 00:17:00,G32,-15.964441804700373
2026-01-01 00:17:30,G01,17.982606193452966
2026-01-01 00:17:30,G02,36.95525523838968
2026-01-01 00:17:30,G10,-10.95710942994539
2026-01-01 00:17:30,G26,-15.155272116683253
2026-01-01 00:17:30,G28,17.820772248756857
2026-01-01 00:17:30,G31,21.08600988217627
2026-01-01 00:17:30,G32,-17.401907910877675
2026-01-01 00:18:00,G01,-1.1804357484576684
2026-01-01 00:18:00,G02,34.01368549436249
2026-01-01 00:18:00,G10,-1.9610465196604183
2026-01-01 00:18:00,G26,-21.409677736105056
2026-01-01 00:18:00,G28,16.564179306046185
2026-01-01 00:18:00,G31,22.13317063821563
2026-01-01 00:18:00,G32,-0.7234928666471404
2026-01-01 00:18:30,G01,-2.5322251041918613
2026-01-01 00:18:30,G02,33.185476481184544
2026-01-01 00:18:30,G10,-9.338770089374586
2026-01-01 00:18:30,G26,-13.660688141413775
2026-01-01 00:18:30,G28,18.41099012298569
2026-01-01 00:18:30,G31,21.876140280496
2026-01-01 00:18:30,G32,6.0830520830721495
2026-01-01 00:19:00,G01,1.3232304034563878
2026-01-01 00:19:00,G02,32.4810229042348
2026-01-01 00:19:00,G10,-15.745489990912088
2026-01-01 00:19:00,G26,-12.09946663447171
2026-01-01 00:19:00,G28,17.268632918459367
2026-01-01 00:19:00,G31,20.867058068387983
2026-01-01 00:19:00,G32,6.520955639721851
2026-01-01 00:19:30,G01,13.651168478833362
2026-01-01 00:19:30,G02,31.300587120313693
2026-01-01 00:19:30,G10,-16.55465967892921
2026-01-01 00:19:30,G16,3.7126608881129646
2026-01-01 00:19:30,G26,-9.576761157396827
2026-01-01 00:19:30,G28,20.28635982127613
2026-01-01 00:19:30,G31,18.09684189617388
2026-01-01 00:19:30,G32,3.369953709023351
2026-01-01 00:20:00,G01,6.86366278334803
2026-01-01 00:20:00,G02,49.82581298148373
2026-01-01 00:20:00,G10,-14.393700635177895
2026-01-01 00:20:00,G16,1.3993875622459542
2026-01-01 00:20:00,G26,-16.9068864851358
2026-01-01 00:20:00,G28,18.69657943298313
2026-01-01 00:20:00,G31,26.474127979952215
2026-01-01 00:20:00,G32,-4.198162686737862
2026-01-01 00:20:30,G01,7.358684280016775
2026-01-01 00:20:30,G02,46.750968174111364
2026-01-01 00:20:30,G10,-10.633441540553168
2026-01-01 00:20:30,G16,-10.919030850550607
2026-01-01 00:20:30,G26,-16.43090431362788
2026-01-01 00:20:30,G28,13.432216665045077
2026-01-01 00:20:30,G31,24.693954659221863
2026-01-01 00:20:30,G32,-19.905574098255165
2026-01-01 00:21:00,G01,9.414927212700718
2026-01-01 00:21:00,G02,38.059533863521224
2026-01-01 00:21:00,G10,-13.260863128695423
2026-01-01 00:21:00,G16,-1.7801733207303507
2026-01-01 00:21:00,G26,-14.30802384927135
2026-01-01 00:21:00,G28,9.529162915421631
2026-01-01 00:21:00,G31,23.970461792574724
2026-01-01 00:21:00,G32,-13.298941672626771
2026-01-01 00:21:30,G01,11.414052311755919
2026-01-01 00:21:30,G02,30.3295835230639
2026-01-01 00:21:30,G10,-14.936320302894968
2026-01-01 00:21:30,G16,4.150564480226101
2026-01-01 00:21:30,G26,-12.251780916587409
2026-01-01 00:21:30,G28,11.309336236151982
2026-01-01 00:21:30,G31,21.933258149588173
2026-01-01 00:21:30,G32,-15.97396143181735
2026-01-01 00:22:00,G01,12.708723762934502
2026-01-01 00:22:00,G02,33.19499614376496
2026-01-01 00:22:00,G10,-15.0886346204741
2026-01-01 00:22:00,G16,16.573698968626598
2026-01-01 00:22:00,G26,-13.927238126250389
2026-01-01 00:22:00,G28,14.679289945175332
2026-01-01 00:22:00,G31,21.304961695964554
2026-01-01 00:22:00,G32,-14.841123889871444
2026-01-01 00:22:30,G01,11.709161248870336
2026-01-01 00:22:30,G02,37.87866066459115
2026-01-01 00:22:30,G10,-12.070907682193907
2026-01-01 00:22:30,G16,12.813439874001872
2026-01-01 00:22:30,G26,-15.774048943189891
2026-01-01 00:22:30,G28,9.433966502398109
2026-01-01 00:22:30,G31,19.10592407281846
2026-01-01 00:22:30,G32,-17.63037935178294
2026-01-01 00:23:00,G01,14.879202469266227
2026-01-01 00:23:00,G02,42.438569784652586
2026-01-01 00:23:00,G10,-10.814314774946672
2026-01-01 00:23:00,G16,28.673165567634875
2026-01-01 00:23:00,G26,-17.74461508996729
2026-01-01 00:23:00,G28,14.593613159268788
2026-01-01 00:23:00,G31,18.972649080400153
2026-01-01 00:23:00,G32,-18.201557971777817
2026-01-01 00:23:30,G01,12.851518453396656
2026-01-01 00:23:30,G02,35.774819489932014
2026-01-01 00:23:30,G10,-10.890471898272803
2026-01-01 00:23:30,G16,26.23613691192997
2026-01-01 00:23:30,G26,-17.21151508483063
2026-01-01 00:23:30,G28,14.517456035942658
2026-01-01 00:23:30,G31,21.828542073984238
2026-01-01 00:23:30,G32,-20.134045574623865
2026-01-01 00:24:00,G01,17.04016151301754
2026-01-01 00:24:00,G02,32.4810229042348
2026-01-01 00:24:00,G10,-12.670645219003154
2026-01-01 00:24:00,G16,21.42871702580245
2026-01-01 00:24:00,G26,-12.82295950111885
2026-01-01 00:24:00,G28,15.631254288191172
2026-01-01 00:24:00,G31,24.751072563777473
2026-01-01 00:24:00,G32,-13.317980962324162
2026-01-01 00:24:30,G01,16.364266817418727
2026-01-01 00:24:30,G02,23.72295106197207
2026-01-01 00:24:30,G10,-14.603132821849202
2026-01-01 00:24:30,G16,22.8757028300236
2026-01-01 00:24:30,G26,-14.860163179568836
2026-01-01 00:24:30,G28,21.019372385967117
2026-01-01 00:24:30,G31,22.466358154724833
2026-01-01 00:24:30,G32,-10.976148684179348
2026-01-01 00:25:00,G01,17.106798973763258
2026-01-01 00:25:00,G02,27.835436962803385
2026-01-01 00:25:00,G10,-9.70051648723472
2026-01-01 00:25:00,G16,28.34949771370609
2026-01-01 00:25:00,G26,-15.878765018793828
2026-01-01 00:25:00,G28,17.76365437966468
2026-01-01 00:25:00,G31,21.352559902476315
2026-01-01 00:25:00,G32,-3.931612666437815
2026-01-01 00:25:30,G01,14.222347063364806
2026-01-01 00:25:30,G02,34.04224441117686
2026-01-01 00:25:30,G10,-14.146189940038674
2026-01-01 00:25:30,G16,25.81727257405079
2026-01-01 00:25:30,G26,-14.898241723500185
2026-01-01 00:25:30,G28,9.652918316186394
2026-01-01 00:25:30,G31,21.885659943076412
2026-01-01 00:25:30,G32,-1.6278590031512181
2026-01-01 00:26:00,G01,15.28854710910156
2026-01-01 00:26:00,G02,35.69866233114245
2026-01-01 00:26:00,G10,-9.909948673906028
2026-01-01 00:26:00,G16,20.648106290063133
2026-01-01 00:26:00,G26,-17.535182938759416
2026-01-01 00:26:00,G28,7.50147889955206
2026-01-01 00:26:00,G31,25.48408505754159
2026-01-01 00:26:00,G32,-6.3305627782113705
2026-01-01 00:26:30,G01,18.353872253893513
2026-01-01 00:26:30,G02,40.991583980431436
2026-01-01 00:26:30,G10,-6.206807448373477
2026-01-01 00:26:30,G16,15.831166812282067
2026-01-01 00:26:30,G26,-17.278152545576347
2026-01-01 00:26:30,G28,9.805232598302092
2026-01-01 00:26:30,G31,18.896491921610586
2026-01-01 00:26:30,G32,1.6183393760342397
2026-01-01 00:27:00,G01,28.59700844430874
2026-01-01 00:27:00,G02,41.181976877405354
2026-01-01 00:27:00,G10,-11.528288014476834
2026-01-01 00:27:00,G16,7.11117354941412
2026-01-01 00:27:00,G26,-10.871432644038846
2026-01-01 00:27:00,G28,15.164791743800231
2026-01-01 00:27:00,G31,21.371599156710275
2026-01-01 00:27:00,G32,-11.414052311755919
2026-01-01 00:27:30,G01,27.71168163296549
2026-01-01 00:27:30,G02,36.37455699127783
2026-01-01 00:27:30,G10,-14.898241723500185
2026-01-01 00:27:30,G16,3.5317876537194617
2026-01-01 00:27:30,G26,-14.993438171987142
2026-01-01 00:27:30,G28,16.507061472417444
2026-01-01 00:27:30,G31,23.92286358606296
2026-01-01 00:27:30,G32,-15.53605787516765
2026-01-01 00:28:00,G01,16.11675608681607
2026-01-01 00:28:00,G02,33.91848904587553
2026-01-01 00:28:00,G10,-17.87789011784903
2026-01-01 00:28:00,G16,8.739032552565337
2026-01-01 00:28:00,G26,-15.279027481984581
2026-01-01 00:28:00,G28,13.879639884275193
2026-01-01 00:28:00,G31,24.62731716301271
2026-01-01 00:28:00,G32,-20.58146879385398
2026-01-01 00:28:30,G01,9.852830804813854
2026-01-01 00:28:30,G02,32.15735501484257
2026-01-01 00:28:30,G10,-13.813002423529474
2026-01-01 00:28:30,G16,5.6356288283786
2026-01-01 00:28:30,G26,-16.202432872722614
2026-01-01 00:28:30,G28,15.050556041079316
2026-01-01 00:28:30,G31,23.675352855460307
2026-01-01 00:28:30,G32,-12.680164846120132
2026-01-01 00:29:00,G01,11.77579874507949
2026-01-01 00:29:00,G02,41.115339345732764
2026-01-01 00:29:00,G10,-11.737720201148141
2026-01-01 00:29:00,G16,11.195100497967633
2026-01-01 00:29:00,G26,-12.613527385374413
2026-01-01 00:29:00,G28,14.231866690481784
2026-01-01 00:29:00,G31,27.007228020552308
2026-01-01 00:29:00,G32,-19.63902407795512
2026-01-01 00:29:30,G01,12.975273783234549
2026-01-01 00:29:30,G02,38.192808855939525
2026-01-01 00:29:30,G10,-11.575886220988595
2026-01-01 00:29:30,G16,12.31841841279656
2026-01-01 00:29:30,G26,-15.574136419098998
2026-01-01 00:29:30,G28,13.717805975042516
2026-01-01 00:29:30,G31,25.47456543042461
2026-01-01 00:29:30,G32,-17.09727934664628
2026-01-01 00:30:00,G01,17.45902577996985
2026-01-01 00:30:00,G02,34.04224441117686
2026-01-01 00:30:00,G10,-10.804795112366259
2026-01-01 00:30:00,G16,18.991688370097545
2026-01-01 00:30:00,G26,-16.897366822555387
2026-01-01 00:30:00,G28,10.214577273600858
2026-01-01 00:30:00,G31,21.92373848700776
2026-01-01 00:30:00,G32,-1.1518768316432986
2026-01-01 00:30:30,G01,5.8450609795864725
2026-01-01 00:30:30,G02,29.901199558067738
2026-01-01 00:30:30,G10,-6.321043115630957
2026-01-01 00:30:30,G16,25.065220755125846
2026-01-01 00:30:30,G26,-15.95492214211996
2026-01-01 00:30:30,G28,15.326625688496343
2026-01-01 00:30:30,G31,19.343915140840704
2026-01-01 00:30:30,G32,-11.690121959172945
2026-01-01 00:31:00,G01,8.405845036056139
2026-01-01 00:31:00,G02,33.06172115134665
2026-01-01 00:31:00,G10,-7.8346664160612605
2026-01-01 00:31:00,G16,16.202432872722614
2026-01-01 00:31:00,G26,-14.964879255172772
2026-01-01 00:31:00,G28,20.63858662748272
2026-01-01 00:31:00,G31,21.75238491519467
2026-01-01 00:31:00,G32,-23.941902875760352
2026-01-01 00:31:30,G01,6.321043151094392
2026-01-01 00:31:30,G02,36.6315873844609
2026-01-01 00:31:30,G10,-16.154834666210853
2026-01-01 00:31:30,G16,17.240074001645
2026-01-01 00:31:30,G26,-12.832479163699265
2026-01-01 00:31:30,G28,20.60050804808794
2026-01-01 00:31:30,G31,21.247843791408947
2026-01-01 00:31:30,G32,-11.309336236151982
2026-01-01 00:32:00,G01,5.540432379891642
2026-01-01 00:32:00,G02,36.4507141500674
2026-01-01 00:32:00,G10,-11.480689807965073
2026-01-01 00:32:00,G16,21.381118819290688
2026-01-01 00:32:00,G26,-10.747677278737518
2026-01-01 00:32:00,G28,18.810815135704043
2026-01-01 00:32:00,G31,20.210202697949995
2026-01-01 00:32:00,G32,-0.07615715878956628
2026-01-01 00:32:30,G01,12.604007722794
2026-01-01 00:32:30,G02,37.46931598929239
2026-01-01 00:32:30,G10,-11.518768387359854
2026-01-01 00:32:30,G16,27.035786937366677
2026-01-01 00:32:30,G26,-14.355622091246547
2026-01-01 00:32:30,G28,16.58321863120701
2026-01-01 00:32:30,G31,21.2097652474776
2026-01-01 00:32:30,G32,-7.206369962437643
2026-01-01 00:33:00,G01,19.286797307211963
2026-01-01 00:33:00,G02,48.56922003877306
2026-01-01 00:33:00,G10,-10.519205837832255
2026-01-01 00:33:00,G16,21.028892013084096
2026-01-01 00:33:00,G26,-19.810377685231643
2026-01-01 00:33:00,G28,18.88697229449361
2026-01-01 00:33:00,G31,23.437361751974628
2026-01-01 00:33:00,G32,-20.88609739354881
2026-01-01 00:33:30,G01,18.353872253893513
2026-01-01 00:33:30,G02,38.82110534502658
2026-01-01 00:33:30,G10,-12.337457702493953
2026-01-01 00:33:30,G16,22.942340326232753
2026-01-01 00:33:30,G26,-16.145315039093877
2026-01-01 00:33:30,G28,16.316668610906966
2026-01-01 00:33:30,G31,23.92286358606296
2026-01-01 00:33:30,G32,-17.973086495409117
2026-01-01 00:34:00,G01,17.563741855573785
2026-01-01 00:34:00,G02,33.9660872523873
2026-01-01 00:34:00,G10,-9.919468301023006
2026-01-01 00:34:00,G16,19.543827664931595
2026-01-01 00:34:00,G26,-11.671082669475553
2026-01-01 00:34:00,G28,18.60138298449617
2026-01-01 00:34:00,G31,18.982168707517133
2026-01-01 00:34:00,G32,-9.072220033611103
2026-01-01 00:34:30,G01,14.10811136064389
2026-01-01 00:34:30,G02,38.32608388382127
2026-01-01 00:34:30,G10,-5.949777055190408
2026-01-01 00:34:30,G16,13.203745259603247
2026-01-01 00:34:30,G26,-14.879202469266227
2026-01-01 00:34:30,G28,10.166979031625662
2026-01-01 00:34:30,G31,23.294567132439344
2026-01-01 00:34:30,G32,-14.29850422215437
2026-01-01 00:35:00,G01,9.443486164978522
2026-01-01 00:35:00,G02,33.44250683890418
2026-01-01 00:35:00,G10,-10.700079036762322
2026-01-01 00:35:00,G16,18.74417763949489
2026-01-01 00:35:00,G26,-14.660250655477942
2026-01-01 00:35:00,G28,6.292484198816587
2026-01-01 00:35:00,G31,24.11325644757344
2026-01-01 00:35:00,G32,-18.54426515086743
2026-01-01 00:35:30,G01,8.082177146663916
2026-01-01 00:35:30,G02,31.87176574030857
2026-01-01 00:35:30,G10,-11.652043379778162
2026-01-01 00:35:30,G16,9.710036149815135
2026-01-01 00:35:30,G26,-15.374223895008104
2026-01-01 00:35:30,G28,10.366891520253121
2026-01-01 00:35:30,G31,19.48670979583942
2026-01-01 00:35:30,G32,-32.01456039530729
2026-01-01 00:36:00,G01,4.721743064757543
2026-01-01 00:36:00,G02,35.774819489932014
2026-01-01 00:36:00,G10,-11.356934442663745
2026-01-01 00:36:00,G16,13.022872025209745
2026-01-01 00:36:00,G26,-18.144440138149076
2026-01-01 00:36:00,G28,13.032391687790158
2026-01-01 00:36:00,G31,17.992125820569946
2026-01-01 00:36:00,G32,-10.024184376626943
2026-01-01 00:36:30,G01,12.423134488400498
2026-01-01 00:36:30,G02,35.241719449331924
2026-01-01 00:36:30,G10,-13.832041713226864
2026-01-01 00:36:30,G16,22.0570135148895
2026-01-01 00:36:30,G26,-20.45771342855265
2026-01-01 00:36:30,G28,14.660250690941377
2026-01-01 00:36:30,G31,22.018934935494716
2026-01-01 00:36:30,G32,12.023309440218709
2026-01-01 00:37:00,G01,18.668020480705323
2026-01-01 00:37:00,G02,33.70905689466766
2026-01-01 00:37:00,G10,-24.703474321802275
2026-01-01 00:37:00,G16,23.01849748502232
2026-01-01 00:37:00,G26,-14.222347063364806
2026-01-01 00:37:00,G28,16.792650782414885
2026-01-01 00:37:00,G31,25.960067264512947
2026-01-01 00:37:00,G32,1.4184268519433456
2026-01-01 00:37:30,G01,7.244448541832426
2026-01-01 00:37:30,G02,41.086780428918395
2026-01-01 00:37:30,G10,-17.449506152852873
2026-01-01 00:37:30,G16,16.55465967892921
2026-01-01 00:37:30,G26,-13.641648851716385
2026-01-01 00:37:30,G28,11.337895188429787
2026-01-01 00:37:30,G31,24.779631480591842
2026-01-01 00:37:30,G32,-20.400595559460477
2026-01-01 00:38:00,G01,6.340082440791783
2026-01-01 00:38:00,G02,40.85830898801313
2026-01-01 00:38:00,G10,-5.473794883682489
2026-01-01 00:38:00,G16,14.098591698063478
2026-01-01 00:38:00,G26,-13.4226970379281
2026-01-01 00:38:00,G28,11.623484462963791
2026-01-01 00:38:00,G31,19.258238354934157
2026-01-01 00:38:00,G32,-19.91509376083558
2026-01-01 00:38:30,G01,13.4226970379281
2026-01-01 00:38:30,G02,32.309669332421706
2026-01-01 00:38:30,G10,-7.263487831529818
2026-01-01 00:38:30,G16,15.079114957893687
2026-01-01 00:38:30,G26,-18.182518682080424
2026-01-01 00:38:30,G28,13.432216700508512
2026-01-01 00:38:30,G31,20.790900945061853
2026-01-01 00:38:30,G32,-18.0873222690569
2026-01-01 00:39:00,G01,16.040598963489938
2026-01-01 00:39:00,G02,30.53901567427177
2026-01-01 00:39:00,G10,-8.405845000592704
2026-01-01 00:39:00,G16,14.898241723500185
2026-01-01 00:39:00,G26,-15.831166776818632
2026-01-01 00:39:00,G28,11.309336236151982
2026-01-01 00:39:00,G31,22.466358154724833
2026-01-01 00:39:00,G32,-13.298941672626771
2026-01-01 00:39:30,G01,7.901303912270413
2026-01-01 00:39:30,G02,30.196308495182155
2026-01-01 00:39:30,G10,-15.469420343495061
2026-01-01 00:39:30,G16,15.935882852422568
2026-01-01 00:39:30,G26,-9.300691509979803
2026-01-01 00:39:30,G28,11.890034483263838
2026-01-01 00:39:30,G31,21.56199205368419
2026-01-01 00:39:30,G32,-13.879639919738628
2026-01-01 00:40:00,G01,12.147064840983472
2026-01-01 00:40:00,G02,31.21491033440715
2026-01-01 00:40:00,G03,8.301128960452202
2026-01-01 00:40:00,G10,-12.404095198703105
2026-01-01 00:40:00,G16,16.55465967892921
2026-01-01 00:40:00,G26,-17.37334902952674
2026-01-01 00:40:00,G28,6.044973468213931
2026-01-01 00:40:00,G31,17.544702565876396
2026-01-01 00:40:00,G32,-16.649856127416164
2026-01-01 00:40:30,G01,19.991250919625145
2026-01-01 00:40:30,G02,38.02145528412644
2026-01-01 00:40:30,G03,-12.308898750216148
2026-01-01 00:40:30,G10,-8.919905751495406
2026-01-01 00:40:30,G16,23.72295106197207
2026-01-01 00:40:30,G26,-20.543390214459198
2026-01-01 00:40:30,G28,11.690121959172945
2026-01-01 00:40:30,G31,21.92373848700776
2026-01-01 00:40:30,G32,-17.135357926041063
2026-01-01 00:41:00,G01,18.201557971777817
2026-01-01 00:41:00,G02,40.31568932029606
2026-01-01 00:41:00,G03,-6.625671715325788
2026-01-01 00:41:00,G10,-9.967066542998204
2026-01-01 00:41:00,G16,25.179456493310195
2026-01-01 00:41:00,G26,-16.468982893022662
2026-01-01 00:41:00,G28,10.081302245719117
2026-01-01 00:41:00,G31,23.932383248643376
2026-01-01 00:41:00,G32,-13.16566664474503
2026-01-01 00:41:30,G01,18.192038344660837
2026-01-01 00:41:30,G02,38.297524931543464
2026-01-01 00:41:30,G03,-11.46165051826768
2026-01-01 00:41:30,G10,-14.869682842149249
2026-01-01 00:41:30,G16,23.884785006668178
2026-01-01 00:41:30,G26,-14.860163144105401
2026-01-01 00:41:30,G28,7.206369997901078
2026-01-01 00:41:30,G31,18.47762761919484
2026-01-01 00:41:30,G32,-26.255176166163928
2026-01-01 00:42:00,G01,6.682789584417962
2026-01-01 00:42:00,G02,43.58092695371547
2026-01-01 00:42:00,G03,2.3799108220761633
2026-01-01 00:42:00,G10,-18.79177584600665
2026-01-01 00:42:00,G16,14.469857829430895
2026-01-01 00:42:00,G26,-15.326625688496343
2026-01-01 00:42:00,G28,10.519205837832255
2026-01-01 00:42:00,G31,19.867495518860384
2026-01-01 00:42:00,G32,-40.48704292757258
2026-01-01 00:42:30,G01,1.7325750787551544
2026-01-01 00:42:30,G02,44.209223442802525
2026-01-01 00:42:30,G03,3.0938840616063255
2026-01-01 00:42:30,G10,-17.535182938759416
2026-01-01 00:42:30,G16,14.117630987760869
2026-01-01 00:42:30,G26,-15.59317570879639
2026-01-01 00:42:30,G28,7.491959272435082
2026-01-01 00:42:30,G31,20.67666524234094
2026-01-01 00:42:30,G32,-39.8873053552999
2026-01-01 00:43:00,G01,7.863225368339065
2026-01-01 00:43:00,G02,41.077260801801415
2026-01-01 00:43:00,G03,1.761134031032959
2026-01-01 00:43:00,G10,-22.428279610793485
2026-01-01 00:43:00,G16,18.001645447686922
2026-01-01 00:43:00,G26,-14.822084600174053
2026-01-01 00:43:00,G28,8.81518967589147
2026-01-01 00:43:00,G31,19.334395549187157
2026-01-01 00:43:00,G32,-19.74374018902249
2026-01-01 00:43:30,G01,6.359121730489175
2026-01-01 00:43:30,G02,32.67141576574528
2026-01-01 00:43:30,G03,-0.39982501271835336
2026-01-01 00:43:30,G10,-16.659375754533144
2026-01-01 00:43:30,G16,19.343915176304137
2026-01-01 00:43:30,G26,-17.87789011784903
2026-01-01 00:43:30,G28,5.597550284447252
2026-01-01 00:43:30,G31,20.7242634488527
2026-01-01 00:43:30,G32,-24.941465425287955
2026-01-01 00:44:00,G01,12.623047012491392
2026-01-01 00:44:00,G02,33.59482115648331
2026-01-01 00:44:00,G03,-5.997375297165605
2026-01-01 00:44:00,G10,-4.969253795360199
2026-01-01 00:44:00,G16,23.142252850323647
2026-01-01 00:44:00,G26,-16.840248988926646
2026-01-01 00:44:00,G28,2.6083822629814275
2026-01-01 00:44:00,G31,19.410552637049854
2026-01-01 00:44:00,G32,-17.801732959059464
2026-01-01 00:44:30,G01,8.405845036056139
2026-01-01 00:44:30,G02,37.098049893388406
2026-01-01 00:44:30,G03,-10.281214734346577
2026-01-01 00:44:30,G10,-20.45771342855265
2026-01-01 00:44:30,G16,21.228804537174987
2026-01-01 00:44:30,G26,-12.43265415098091
2026-01-01 00:44:30,G28,7.7680289198521075
2026-01-01 00:44:30,G31,17.677977593758136
2026-01-01 00:44:30,G32,-11.32837549038594
2026-01-01 00:45:00,G01,12.96575415611757
2026-01-01 00:45:00,G02,35.09892482979664
2026-01-01 00:45:00,G03,-15.583656046215976
2026-01-01 00:45:00,G10,-17.392388283760695
2026-01-01 00:45:00,G16,15.28854710910156
2026-01-01 00:45:00,G26,-16.316668610906966
2026-01-01 00:45:00,G28,8.81518967589147
2026-01-01 00:45:00,G31,20.057888380370866
2026-01-01 00:45:00,G32,-1.7230554161747411
2026-01-01 00:45:30,G01,6.682789584417962
2026-01-01 00:45:30,G02,32.842769337558366
2026-01-01 00:45:30,G03,-20.971774179455355
2026-01-01 00:45:30,G10,-13.013352362629332
2026-01-01 00:45:30,G16,12.80392021142146
2026-01-01 00:45:30,G26,-17.896929372082987
2026-01-01 00:45:30,G28,10.509686175251842
2026-01-01 00:45:30,G31,16.849768616043626
2026-01-01 00:45:30,G32,2.465587607982708
2026-01-01 00:46:00,G01,8.596237897566619
2026-01-01 00:46:00,G02,39.734991108647634
2026-01-01 00:46:00,G03,-19.210640148422396
2026-01-01 00:46:00,G10,-19.52478841069764
2026-01-01 00:46:00,G16,15.383743522125082
2026-01-01 00:46:00,G26,-17.087759684065865
2026-01-01 00:46:00,G28,6.50191635002446
2026-01-01 00:46:00,G31,21.73334562549728
2026-01-01 00:46:00,G32,-5.835541317006059
2026-01-01 00:46:30,G01,11.204620125084611
2026-01-01 00:46:30,G02,35.49874980705155
2026-01-01 00:46:30,G03,-21.542952763986797
2026-01-01 00:46:30,G10,-21.42871702580245
2026-01-01 00:46:30,G16,18.26819546798697
2026-01-01 00:46:30,G26,-8.110736063478287
2026-01-01 00:46:30,G28,6.254405619421804
2026-01-01 00:46:30,G31,23.132733187743234
2026-01-01 00:46:30,G32,-28.463733416427
2026-01-01 00:47:00,G01,16.849768616043626
2026-01-01 00:47:00,G02,36.793421329157006
2026-01-01 00:47:00,G03,-24.817710059986627
2026-01-01 00:47:00,G10,-13.432216665045077
2026-01-01 00:47:00,G16,19.819897347812056
2026-01-01 00:47:00,G26,-13.175186307325443
2026-01-01 00:47:00,G28,6.549514556536221
2026-01-01 00:47:00,G31,23.437361787438064
2026-01-01 00:47:00,G32,-20.343477690368303
2026-01-01 00:47:30,G01,22.504436734119615
2026-01-01 00:47:30,G02,42.371932252979995
2026-01-01 00:47:30,G03,-13.94627741594778
2026-01-01 00:47:30,G10,-20.115006284926473
2026-01-01 00:47:30,G16,19.810377685231643
2026-01-01 00:47:30,G26,-18.17299901950001
2026-01-01 00:47:30,G28,3.6269841022064195
2026-01-01 00:47:30,G31,23.304086795019757
2026-01-01 00:47:30,G32,-8.910386088914994
2026-01-01 00:48:00,G01,21.723825962916866
2026-01-01 00:48:00,G02,35.5844265929581
2026-01-01 00:48:00,G03,-10.176498694206076
2026-01-01 00:48:00,G10,-16.09771679711868
2026-01-01 00:48:00,G16,22.86618320290662
2026-01-01 00:48:00,G26,-18.47762761919484
2026-01-01 00:48:00,G28,2.046723305566963
2026-01-01 00:48:00,G31,19.50574912100025
2026-01-01 00:48:00,G32,-10.29073439692699
2026-01-01 00:48:30,G01,5.388118097775944
2026-01-01 00:48:30,G02,32.18591396712038
2026-01-01 00:48:30,G03,7.273007458646796
2026-01-01 00:48:30,G10,-20.191163408252606
2026-01-01 00:48:30,G16,20.37203664264611
2026-01-01 00:48:30,G26,-17.002082933622756
2026-01-01 00:48:30,G28,5.6070699115642295
2026-01-01 00:48:30,G31,18.810815135704043
2026-01-01 00:48:30,G32,-2.7416572553997334
2026-01-01 00:49:00,G01,-0.904366101040643
2026-01-01 00:49:00,G02,40.982064353314456
2026-01-01 00:49:00,G03,9.757634391790331
2026-01-01 00:49:00,G10,-16.49754180983703
2026-01-01 00:49:00,G16,14.603132821849202
2026-01-01 00:49:00,G26,-12.508811274307043
2026-01-01 00:49:00,G28,6.854143191694486
2026-01-01 00:49:00,G31,23.72295106197207
2026-01-01 00:49:00,G32,-14.736407814267508
2026-01-01 00:49:30,G01,9.767153983443874
2026-01-01 00:49:30,G02,40.17289470076077
2026-01-01 00:49:30,G03,-9.157896854981082
2026-01-01 00:49:30,G10,-8.32016821468616
2026-01-01 00:49:30,G16,11.204620160548046
2026-01-01 00:49:30,G26,-18.677540107822303
2026-01-01 00:49:30,G28,8.33920750438355
2026-01-01 00:49:30,G31,24.2084528960604
2026-01-01 00:49:30,G32,-26.94059048887972
2026-01-01 00:50:00,G01,21.961817066402542
2026-01-01 00:50:00,G02,37.56451240231591
2026-01-01 00:50:00,G03,-26.731158373135283
2026-01-01 00:50:00,G10,-8.482002159382269
2026-01-01 00:50:00,G16,18.906011548727566
2026-01-01 00:50:00,G26,-18.734657976914477
2026-01-01 00:50:00,G28,9.272132557701998
2026-01-01 00:50:00,G31,22.44731886502744
2026-01-01 00:50:00,G32,-35.441631973422815
2026-01-01 00:50:30,G01,20.362516980065696
2026-01-01 00:50:30,G02,32.45246398742043
2026-01-01 00:50:30,G03,-2.7797358347945167
2026-01-01 00:50:30,G10,-9.376848633305935
2026-01-01 00:50:30,G16,18.906011584191
2026-01-01 00:50:30,G26,-15.326625688496343
2026-01-01 00:50:30,G28,7.463400355620712
2026-01-01 00:50:30,G31,23.92286358606296
2026-01-01 00:50:30,G32,-18.287234757684363
2026-01-01 00:51:00,G01,9.681477233000765
2026-01-01 00:51:00,G02,27.62600481159551
2026-01-01 00:51:00,G03,19.144002652213242
2026-01-01 00:51:00,G10,-19.334395513723724
2026-01-01 00:51:00,G16,12.451693440678303
2026-01-01 00:51:00,G26,-18.86793296933278
2026-01-01 00:51:00,G28,13.717805975042516
2026-01-01 00:51:00,G31,22.190288507307805
2026-01-01 00:51:00,G32,-15.107673874708057
2026-01-01 00:51:30,G01,7.720430713340346
2026-01-01 00:51:30,G02,32.528621110746556
2026-01-01 00:51:30,G03,1.2565929072472348
2026-01-01 00:51:30,G10,-33.185476481184544
2026-01-01 00:51:30,G16,16.335707900604355
2026-01-01 00:51:30,G26,-20.809940234759246
2026-01-01 00:51:30,G28,12.784880921724069
2026-01-01 00:51:30,G31,16.62129717513836
2026-01-01 00:51:30,G32,-20.80042057217883
2026-01-01 00:52:00,G01,16.81169003664884
2026-01-01 00:52:00,G02,37.640669561105476
2026-01-01 00:52:00,G03,-10.424009389345295
2026-01-01 00:52:00,G10,-28.33997808658911
2026-01-01 00:52:00,G16,21.790463494589453
2026-01-01 00:52:00,G26,-17.582781145271177
2026-01-01 00:52:00,G28,14.384181008060915
2026-01-01 00:52:00,G31,19.857975891743404
2026-01-01 00:52:00,G32,-31.348185326825455
2026-01-01 00:52:30,G01,10.166979031625662
2026-01-01 00:52:30,G02,37.29796238201586
2026-01-01 00:52:30,G03,-28.121026272800822
2026-01-01 00:52:30,G10,-18.32531330161571
2026-01-01 00:52:30,G16,21.476315267777643
2026-01-01 00:52:30,G26,-17.06872042983191
2026-01-01 00:52:30,G28,15.269507819404168
2026-01-01 00:52:30,G31,17.868370455268618
2026-01-01 00:52:30,G32,-32.04311931212166
2026-01-01 00:53:00,G01,9.17693610921504
2026-01-01 00:53:00,G02,36.917176658994904
2026-01-01 00:53:00,G03,-19.62950445083814
2026-01-01 00:53:00,G10,-19.524788375234206
2026-01-01 00:53:00,G16,22.847143877745793
2026-01-01 00:53:00,G26,-20.048368753253886
2026-01-01 00:53:00,G28,14.412739924875286
2026-01-01 00:53:00,G31,17.725575800269898
2026-01-01 00:53:00,G32,-19.086884818584505
2026-01-01 00:53:30,G01,10.043223701787769
2026-01-01 00:53:30,G02,35.48923017993458
2026-01-01 00:53:30,G03,-6.99693781122977
2026-01-01 00:53:30,G10,-12.251780916587409
2026-01-01 00:53:30,G16,22.218847424122178
2026-01-01 00:53:30,G26,-18.563304405101388
2026-01-01 00:53:30,G28,9.176936144678475
2026-01-01 00:53:30,G31,21.761904542311648
2026-01-01 00:53:30,G32,-12.851518453396656
2026-01-01 00:54:00,G01,14.593613159268788
2026-01-01 00:54:00,G02,30.234387110040373
2026-01-01 00:54:00,G03,-7.491959272435082
2026-01-01 00:54:00,G10,-8.31064858756918
2026-01-01 00:54:00,G16,15.59317570879639
2026-01-01 00:54:00,G26,-17.439986525735893
2026-01-01 00:54:00,G28,13.175186307325443
2026-01-01 00:54:00,G31,18.829854425401436
2026-01-01 00:54:00,G32,-22.92330103653536
2026-01-01 00:54:30,G01,18.125400848451687
2026-01-01 00:54:30,G02,35.16556232600579
2026-01-01 00:54:30,G03,-1.132837541945907
2026-01-01 00:54:30,G10,-12.96575415611757
2026-01-01 00:54:30,G16,15.202870323195015
2026-01-01 00:54:30,G26,-18.69657943298313
2026-01-01 00:54:30,G28,12.841998790816243
2026-01-01 00:54:30,G31,17.497104359364634
2026-01-01 00:54:30,G32,-14.403220297758308
2026-01-01 00:55:00,G01,9.224534351190236
2026-01-01 00:55:00,G02,36.288880205371285
2026-01-01 00:55:00,G03,-7.691871761062541
2026-01-01 00:55:00,G10,-34.622942658288714
2026-01-01 00:55:00,G16,11.556846966754637
2026-01-01 00:55:00,G26,-16.983043643925367
2026-01-01 00:55:00,G28,15.412302474402887
2026-01-01 00:55:00,G31,20.448193801435675
2026-01-01 00:55:00,G32,-24.294129681966943
2026-01-01 00:55:30,G01,10.709598699342735
2026-01-01 00:55:30,G02,36.55543022567133
2026-01-01 00:55:30,G03,-8.75807184226273
2026-01-01 00:55:30,G10,-25.455526140727223
2026-01-01 00:55:30,G16,13.908198872016431
2026-01-01 00:55:30,G26,-17.94452761405818
2026-01-01 00:55:30,G28,16.573698968626598
2026-01-01 00:55:30,G31,21.20024562036062
2026-01-01 00:55:30,G32,-27.483210192060227
2026-01-01 00:56:00,G01,19.93413305053297
2026-01-01 00:56:00,G02,31.767049664704636
2026-01-01 00:56:00,G03,-16.821209699229254
2026-01-01 00:56:00,G10,-22.295004582911744
2026-01-01 00:56:00,G16,12.232741626890016
2026-01-01 00:56:00,G26,-20.93369560006057
2026-01-01 00:56:00,G28,11.671082669475553
2026-01-01 00:56:00,G31,18.810815135704043
2026-01-01 00:56:00,G32,-22.83762421516538
2026-01-01 00:56:30,G01,12.366016654771759
2026-01-01 00:56:30,G02,24.941465425287955
2026-01-01 00:56:30,G03,-13.194225597022834
2026-01-01 00:56:30,G10,-10.76671656843491
2026-01-01 00:56:30,G16,15.25046856517021
2026-01-01 00:56:30,G26,-20.000770546742125
2026-01-01 00:56:30,G28,7.025496728044141
2026-01-01 00:56:30,G31,19.96269196734734
2026-01-01 00:56:30,G32,-18.172999054963448
2026-01-01 00:57:00,G01,7.215889625018057
2026-01-01 00:57:00,G02,24.0275796616669
2026-01-01 00:57:00,G03,-3.826896590833879
2026-01-01 00:57:00,G10,-10.757196905854496
2026-01-01 00:57:00,G16,16.27859003151218
2026-01-01 00:57:00,G26,-22.694829595630097
2026-01-01 00:57:00,G28,6.739907418046702
2026-01-01 00:57:00,G31,23.656313565762915
2026-01-01 00:57:00,G32,-26.493167269649604
2026-01-01 00:57:30,G01,6.302003861397
2026-01-01 00:57:30,G02,29.092029905514053
2026-01-01 00:57:30,G03,2.3799108220761633
2026-01-01 00:57:30,G10,-15.060075668196296
2026-01-01 00:57:30,G16,20.095966959765647
2026-01-01 00:57:30,G26,-20.381556269763085
2026-01-01 00:57:30,G28,4.921655588848438
2026-01-01 00:57:30,G31,24.6463564527101
2026-01-01 00:57:30,G32,-16.41186502393049
2026-01-01 00:58:00,G01,8.729512889984925
2026-01-01 00:58:00,G02,36.05088913734904
2026-01-01 00:58:00,G03,8.234491464243048
2026-01-01 00:58:00,G10,-14.393700635177895
2026-01-01 00:58:00,G16,26.05526367753647
2026-01-01 00:58:00,G26,-16.82120966376582
2026-01-01 00:58:00,G28,9.757634391790331
2026-01-01 00:58:00,G31,24.179893943782595
2026-01-01 00:58:00,G32,-16.373786444535703
2026-01-01 00:58:30,G01,1.1899554110380817
2026-01-01 00:58:30,G02,37.36459991368845
2026-01-01 00:58:30,G03,9.729075439512526
2026-01-01 00:58:30,G10,-8.548639691054857
2026-01-01 00:58:30,G16,20.06740807841471
2026-01-01 00:58:30,G26,-17.94452761405818
2026-01-01 00:58:30,G28,11.490209470545485
2026-01-01 00:58:30,G31,16.868807905741015
2026-01-01 00:58:30,G32,-22.09509205882085
2026-01-01 00:59:00,G01,5.045410954149766
2026-01-01 00:59:00,G02,32.2811103801439
2026-01-01 00:59:00,G03,4.026809114924773
2026-01-01 00:59:00,G10,-15.355184605310713
2026-01-01 00:59:00,G16,12.689684508700545
2026-01-01 00:59:00,G26,-17.668457931177723
2026-01-01 00:59:00,G28,15.336145351076755
2026-01-01 00:59:00,G31,15.631254288191172
2026-01-01 00:59:00,G32,-16.64033646483575
2026-01-01 00:59:30,G01,16.126275749396484
2026-01-01 00:59:30,G02,30.672290666690078
2026-01-01 00:59:30,G03,-5.350039518381161
2026-01-01 00:59:30,G10,-18.17299901950001
2026-01-01 00:59:30,G16,10.014664749509965
2026-01-01 00:59:30,G26,-17.95404724117516
2026-01-01 00:59:30,G28,13.908198872016431
2026-01-01 00:59:30,G31,18.677540143285736
2026-01-01 00:59:30,G32,-31.40530319591763
2026-01-01 01:00:00,G01,16.354747190301747
2026-01-01 01:00:00,G02,40.572719678015694
2026-01-01 01:00:00,G03,-15.964441804700373
2026-01-01 01:00:00,G10,-40.572719678015694
2026-01-01 01:00:00,G16,8.748552179682317
2026-01-01 01:00:00,G26,-18.41099012298569
2026-01-01 01:00:00,G28,16.659375754533144
2026-01-01 01:00:00,G31,18.41099012298569
2026-01-01 01:00:00,G32,-39.201891068047544
