station,datetime,TEC,Bz_GSM,speed_kms,Kp
DRDN,2026-01-15 00:00:00,-52.18058929004609,1.1,567.0,2.7
DRDN,2026-01-15 01:00:00,-60.15637949921634,-0.6,550.0,2.7
DRDN,2026-01-15 02:00:00,-70.37222134604356,0.0,542.0,2.7
DRDN,2026-01-15 03:00:00,-76.07107396640471,2.3,521.0,2.0
DRDN,2026-01-15 04:00:00,-80.23320995617027,1.3,509.0,2.0
DRDN,2026-01-15 05:00:00,-84.36888297468263,-1.7,486.0,2.0
DRDN,2026-01-15 06:00:00,-82.95361606989583,-2.5,495.0,2.7
DRDN,2026-01-15 07:00:00,-76.45768180579324,1.8,549.0,2.7
DRDN,2026-01-15 08:00:00,-71.89449103753014,-4.3,571.0,2.7
DRDN,2026-01-15 09:00:00,-88.02009925523531,-2.4,617.0,2.3
DRDN,2026-01-15 10:00:00,-89.99315824779723,-0.9,620.0,2.3
DRDN,2026-01-15 11:00:00,-79.57696020422298,0.8,628.0,2.3
DRDN,2026-01-15 12:00:00,-72.48845563790765,1.5,639.0,1.0
DRDN,2026-01-15 13:00:00,-69.57585937099681,0.9,587.0,1.0
DRDN,2026-01-15 14:00:00,-62.944283682519306,0.3,576.0,1.0
DRDN,2026-01-15 15:00:00,-56.370714853593405,-1.6,593.0,3.0
DRDN,2026-01-15 16:00:00,-62.3236910849853,-0.4,621.0,3.0
DRDN,2026-01-15 17:00:00,-61.10838169189493,-0.7,628.0,3.0
DRDN,2026-01-15 18:00:00,-58.99468438882165,-0.5,626.0,3.0
DRDN,2026-01-15 19:00:00,-64.17665759838538,-1.9,615.0,3.0
DRDN,2026-01-15 20:00:00,-60.38814415084587,-0.5,611.0,3.0
DRDN,2026-01-15 21:00:00,-59.600048301243085,2.5,599.0,2.3
DRDN,2026-01-15 22:00:00,-59.11911407822406,1.6,607.0,2.3
DRDN,2026-01-15 23:00:00,-55.664813109987655,1.8,587.0,2.3
DRDN,2026-01-16 00:00:00,-53.65965201972605,2.2,550.0,3.3
DRDN,2026-01-16 01:00:00,-62.314605114036105,0.5,550.0,3.3
DRDN,2026-01-16 02:00:00,-73.20610945318259,4.3,563.0,3.3
DRDN,2026-01-16 03:00:00,-81.46343690296253,2.5,594.0,3.7
DRDN,2026-01-16 04:00:00,-87.6533709791652,0.4,664.0,3.7
DRDN,2026-01-16 05:00:00,-98.4680104690753,2.0,707.0,3.7
DRDN,2026-01-16 06:00:00,-95.85286605282295,-1.4,688.0,3.3
DRDN,2026-01-16 07:00:00,-83.09056538493529,1.5,679.0,3.3
DRDN,2026-01-16 08:00:00,-80.19664346622658,1.0,679.0,3.3
DRDN,2026-01-16 09:00:00,-94.38360832078905,-0.4,656.0,2.7
DRDN,2026-01-16 10:00:00,-87.96555271719117,2.3,612.0,2.7
DRDN,2026-01-16 11:00:00,-77.99563887448535,5.8,604.0,2.7
DRDN,2026-01-16 12:00:00,-71.13717164093836,2.6,608.0,3.3
DRDN,2026-01-16 13:00:00,-72.07663923039796,4.0,653.0,3.3
DRDN,2026-01-16 14:00:00,-66.40169969152865,-2.3,656.0,3.3
DRDN,2026-01-16 15:00:00,-62.431717401071005,-2.1,657.0,5.0
DRDN,2026-01-16 16:00:00,-70.22002412634009,3.6,663.0,5.0
DRDN,2026-01-16 17:00:00,-65.4408307288122,-3.1,686.0,5.0
DRDN,2026-01-16 18:00:00,-62.93404553903954,2.1,672.0,4.0
DRDN,2026-01-16 19:00:00,-63.76372434102758,1.9,695.0,4.0
DRDN,2026-01-16 20:00:00,-59.73083137130538,1.8,690.0,4.0
DRDN,2026-01-16 21:00:00,-59.08721009238593,0.9,680.0,4.7
DRDN,2026-01-16 22:00:00,-57.83121796508699,-0.0,691.0,4.7
DRDN,2026-01-16 23:00:00,-55.895058664178386,3.5,671.0,4.7
DRDN,2026-01-17 00:00:00,-53.769189620726614,-0.1,674.0,5.0
DRDN,2026-01-17 01:00:00,-66.50626980729291,-1.2,679.0,5.0
DRDN,2026-01-17 02:00:00,-80.10442320483058,-2.0,690.0,5.0
DRDN,2026-01-17 03:00:00,-84.7292915649703,1.5,739.0,3.3
DRDN,2026-01-17 04:00:00,-87.72213311391825,0.7,741.0,3.3
DRDN,2026-01-17 05:00:00,-96.16617902010144,2.5,732.0,3.3
DRDN,2026-01-17 06:00:00,-92.44998745486163,1.9,717.0,4.0
DRDN,2026-01-17 07:00:00,-79.06810514136717,-0.2,733.0,4.0
DRDN,2026-01-17 08:00:00,-75.7722636426306,-0.3,702.0,4.0
DRDN,2026-01-17 09:00:00,-91.57371922217997,0.9,709.0,3.0
DRDN,2026-01-17 10:00:00,-96.33402969489856,-0.0,693.0,3.0
DRDN,2026-01-17 11:00:00,-92.76859177859177,-0.8,692.0,3.0
DRDN,2026-01-17 12:00:00,-80.1082690849157,-0.8,708.0,3.0
DRDN,2026-01-17 13:00:00,-81.79112800616242,0.3,678.0,3.0
DRDN,2026-01-17 14:00:00,-69.10615847094559,0.9,673.0,3.0
DRDN,2026-01-17 15:00:00,-61.94322195476362,2.5,705.0,3.7
DRDN,2026-01-17 16:00:00,-69.1297520012563,0.4,700.0,3.7
DRDN,2026-01-17 17:00:00,-61.25669629119382,-0.5,694.0,3.7
DRDN,2026-01-17 18:00:00,-58.822174409202745,1.3,699.0,4.0
DRDN,2026-01-17 19:00:00,-62.977597927438275,0.5,705.0,4.0
DRDN,2026-01-17 20:00:00,-59.35934468114543,1.3,696.0,4.0
DRDN,2026-01-17 21:00:00,-58.96714419252321,-0.6,688.0,3.7
DRDN,2026-01-17 22:00:00,-57.7520942641501,-2.5,708.0,3.7
DRDN,2026-01-17 23:00:00,-55.72961808082998,0.4,690.0,3.7
DRDN,2026-01-18 00:00:00,-54.09166729640939,2.8,681.0,2.7
DRDN,2026-01-18 01:00:00,-64.17861978376222,1.4,682.0,2.7
DRDN,2026-01-18 02:00:00,-76.7627745536492,0.3,673.0,2.7
DRDN,2026-01-18 03:00:00,-84.59720364982914,0.0,677.0,3.7
DRDN,2026-01-18 04:00:00,-94.35279007460696,0.6,662.0,3.7
DRDN,2026-01-18 05:00:00,-110.6811792054608,-0.8,640.0,3.7
DRDN,2026-01-18 06:00:00,-105.77509506534548,0.1,626.0,2.7
DRDN,2026-01-18 07:00:00,-93.78439981914583,-0.9,615.0,2.7
DRDN,2026-01-18 08:00:00,-93.33272411700926,-1.3,609.0,2.7
DRDN,2026-01-18 09:00:00,-104.89955143833481,-0.8,574.0,2.3
DRDN,2026-01-18 10:00:00,-99.13072953141892,-1.2,565.0,2.3
DRDN,2026-01-18 11:00:00,-98.07222761258613,-1.9,556.0,2.3
DRDN,2026-01-18 12:00:00,-83.496386295994,-2.3,552.0,2.3
DRDN,2026-01-18 13:00:00,-83.17179737589181,-2.8,535.0,2.3
DRDN,2026-01-18 14:00:00,-68.82894998387259,-2.2,528.0,2.3
DRDN,2026-01-18 15:00:00,-63.52984864084382,-2.7,541.0,2.7
DRDN,2026-01-18 16:00:00,-68.45184714495824,-1.2,523.0,2.7
DRDN,2026-01-18 17:00:00,-61.33201662306683,-1.7,498.0,2.7
DRDN,2026-01-18 18:00:00,-58.66646527754032,-2.9,497.0,3.7
DRDN,2026-01-18 19:00:00,-61.96006595351812,-2.9,497.0,3.7
DRDN,2026-01-18 20:00:00,-58.726587774492465,-2.5,487.0,3.7
DRDN,2026-01-18 21:00:00,-59.37635206892172,-2.7,481.0,3.0
DRDN,2026-01-18 22:00:00,-56.59278296946332,-2.7,480.0,3.0
DRDN,2026-01-18 23:00:00,-55.37622584432251,-2.6,466.0,3.0
DRDN,2026-01-19 00:00:00,-53.186769509799426,-2.7,469.0,3.3
DRDN,2026-01-19 01:00:00,-62.25220589568444,-1.2,460.0,3.3
DRDN,2026-01-19 02:00:00,-74.70946241889455,1.7,471.0,3.3
DRDN,2026-01-19 03:00:00,-83.45186032763077,1.0,462.0,0.7
DRDN,2026-01-19 04:00:00,-87.90583065726295,-1.4,443.0,0.7
DRDN,2026-01-19 05:00:00,-93.7309301297891,0.5,433.0,0.7
DRDN,2026-01-19 06:00:00,-92.07480496216301,0.3,430.0,0.3
DRDN,2026-01-19 07:00:00,-93.72613142911001,2.4,430.0,0.3
DRDN,2026-01-19 08:00:00,-97.78387733750483,1.4,423.0,0.3
DRDN,2026-01-19 09:00:00,-109.60405813946294,-0.0,418.0,1.0
DRDN,2026-01-19 10:00:00,-108.73193949520392,-0.6,415.0,1.0
DRDN,2026-01-19 11:00:00,-112.49772082809945,-0.7,430.0,1.0
DRDN,2026-01-19 12:00:00,-95.91757655278921,1.1,429.0,1.3
DRDN,2026-01-19 13:00:00,-94.05600259511935,0.2,426.0,1.3
DRDN,2026-01-19 14:00:00,-79.70073543845962,-1.9,421.0,1.3
DRDN,2026-01-19 15:00:00,-70.65458839063386,-2.7,423.0,3.0
DRDN,2026-01-19 16:00:00,-77.26349545059567,-1.7,419.0,3.0
DRDN,2026-01-19 17:00:00,-63.312296785826966,-3.8,431.0,3.0
DRDN,2026-01-19 18:00:00,-63.23839097873688,-1.0,441.0,8.3
DRDN,2026-01-19 19:00:00,-65.95959533623287,-5.4,739.0,8.3
DRDN,2026-01-19 20:00:00,-61.214373944147056,-5.7,1108.0,8.3
DRDN,2026-01-19 21:00:00,-60.69218577096805,-21.8,1121.0,8.7
DRDN,2026-01-19 22:00:00,-61.82011253254674,58.3,1084.0,8.7
DRDN,2026-01-19 23:00:00,-60.61364438710813,58.9,1074.0,8.7
DRDN,2026-01-21 00:00:00,-52.739350682819286,-4.0,782.0,7.3
DRDN,2026-01-21 01:00:00,-65.02845644933173,-3.3,771.0,7.3
DRDN,2026-01-21 02:00:00,-82.61951825028517,5.3,758.0,7.3
DRDN,2026-01-21 03:00:00,-94.85093814340634,-2.1,770.0,6.7
DRDN,2026-01-21 04:00:00,-103.02527874480481,-5.4,778.0,6.7
DRDN,2026-01-21 05:00:00,-115.97779587394106,-3.1,747.0,6.7
DRDN,2026-01-21 06:00:00,-117.53518173203109,-5.7,736.0,7.0
DRDN,2026-01-21 07:00:00,-104.58126600155484,-5.4,725.0,7.0
DRDN,2026-01-21 08:00:00,-94.22924313415514,-6.0,713.0,7.0
DRDN,2026-01-21 09:00:00,-100.25466524829513,-5.9,704.0,6.3
DRDN,2026-01-21 10:00:00,-98.20028268133301,-0.8,657.0,6.3
DRDN,2026-01-21 11:00:00,-96.53365813692878,-2.6,648.0,6.3
DRDN,2026-01-21 12:00:00,-82.50677225875977,1.2,641.0,4.3
DRDN,2026-01-21 13:00:00,-78.50084077503766,-1.0,636.0,4.3
DRDN,2026-01-21 14:00:00,-60.369671314478516,-2.0,631.0,4.3
DRDN,2026-01-21 15:00:00,-58.92542219173172,0.8,626.0,4.0
DRDN,2026-01-21 16:00:00,-59.63173501057197,0.2,622.0,4.0
DRDN,2026-01-21 17:00:00,-56.76636541176367,-1.4,597.0,4.0
DRDN,2026-01-21 18:00:00,-57.15450440676042,-0.3,588.0,3.3
DRDN,2026-01-21 19:00:00,-56.90501416772924,1.2,584.0,3.3
DRDN,2026-01-21 20:00:00,-53.30779462636569,0.0,585.0,3.3
DRDN,2026-01-21 21:00:00,-52.88752413091982,0.5,579.0,2.7
DRDN,2026-01-21 22:00:00,-50.96602303744192,0.3,585.0,2.7
DRDN,2026-01-21 23:00:00,-49.357747975603516,-0.9,591.0,2.7
IISC,2026-01-15 00:00:00,10.422388102272391,1.1,567.0,2.7
IISC,2026-01-15 01:00:00,1.539688405813989,-0.6,550.0,2.7
IISC,2026-01-15 02:00:00,-16.130168017850252,0.0,542.0,2.7
IISC,2026-01-15 03:00:00,-25.392915137442557,2.3,521.0,2.0
IISC,2026-01-15 04:00:00,-40.803680439092915,1.3,509.0,2.0
IISC,2026-01-15 05:00:00,-41.29056656050868,-1.7,486.0,2.0
IISC,2026-01-15 06:00:00,-40.8108840216045,-2.5,495.0,2.7
IISC,2026-01-15 07:00:00,-43.00418996379419,1.8,549.0,2.7
IISC,2026-01-15 08:00:00,-44.62867389866797,-4.3,571.0,2.7
IISC,2026-01-15 09:00:00,-49.143982843418506,-2.4,617.0,2.3
IISC,2026-01-15 10:00:00,-54.1201723177283,-0.9,620.0,2.3
IISC,2026-01-15 11:00:00,-51.69949891211245,0.8,628.0,2.3
IISC,2026-01-15 12:00:00,-44.16225214471317,1.5,639.0,1.0
IISC,2026-01-15 13:00:00,-28.75705460760925,0.9,587.0,1.0
IISC,2026-01-15 14:00:00,-18.276675822654564,0.3,576.0,1.0
IISC,2026-01-15 15:00:00,-13.78170482095092,-1.6,593.0,3.0
IISC,2026-01-15 16:00:00,-13.95800571794334,-0.4,621.0,3.0
IISC,2026-01-15 17:00:00,-16.14002377584546,-0.7,628.0,3.0
IISC,2026-01-15 18:00:00,-12.144242942165283,-0.5,626.0,3.0
IISC,2026-01-15 19:00:00,-14.433122174191757,-1.9,615.0,3.0
IISC,2026-01-15 20:00:00,-13.919882128818596,-0.5,611.0,3.0
IISC,2026-01-15 21:00:00,-2.3570104755768218,2.5,599.0,2.3
IISC,2026-01-15 22:00:00,5.0969588350044495,1.6,607.0,2.3
IISC,2026-01-15 23:00:00,9.519220194285642,1.8,587.0,2.3
IISC,2026-01-16 00:00:00,9.718132919649351,2.2,550.0,3.3
IISC,2026-01-16 01:00:00,1.55738990570386,0.5,550.0,3.3
IISC,2026-01-16 02:00:00,-18.632386833023833,4.3,563.0,3.3
IISC,2026-01-16 03:00:00,-34.28406537432688,2.5,594.0,3.7
IISC,2026-01-16 04:00:00,-49.60097136872658,0.4,664.0,3.7
IISC,2026-01-16 05:00:00,-48.15579668087233,2.0,707.0,3.7
IISC,2026-01-16 06:00:00,-45.724156064969584,-1.4,688.0,3.3
IISC,2026-01-16 07:00:00,-50.55806922178619,1.5,679.0,3.3
IISC,2026-01-16 08:00:00,-48.823469455885885,1.0,679.0,3.3
IISC,2026-01-16 09:00:00,-49.72749951556908,-0.4,656.0,2.7
IISC,2026-01-16 10:00:00,-50.35169534893974,2.3,612.0,2.7
IISC,2026-01-16 11:00:00,-45.27913636104263,5.8,604.0,2.7
IISC,2026-01-16 12:00:00,-43.29272071725885,2.6,608.0,3.3
IISC,2026-01-16 13:00:00,-32.75011006692052,4.0,653.0,3.3
IISC,2026-01-16 14:00:00,-22.16344024680067,-2.3,656.0,3.3
IISC,2026-01-16 15:00:00,-16.910285345576334,-2.1,657.0,5.0
IISC,2026-01-16 16:00:00,-17.6738505183692,3.6,663.0,5.0
IISC,2026-01-16 17:00:00,-24.01827864711345,-3.1,686.0,5.0
IISC,2026-01-16 18:00:00,-17.365916501441525,2.1,672.0,4.0
IISC,2026-01-16 19:00:00,-9.933072046436989,1.9,695.0,4.0
IISC,2026-01-16 20:00:00,-5.350290268681544,1.8,690.0,4.0
IISC,2026-01-16 21:00:00,-0.9516335023013213,0.9,680.0,4.7
IISC,2026-01-16 22:00:00,2.70754187533681,-0.0,691.0,4.7
IISC,2026-01-16 23:00:00,5.925791269002331,3.5,671.0,4.7
IISC,2026-01-17 00:00:00,3.9978147142696456,-0.1,674.0,5.0
IISC,2026-01-17 01:00:00,-7.581486634076825,-1.2,679.0,5.0
IISC,2026-01-17 02:00:00,-30.728309243528575,-2.0,690.0,5.0
IISC,2026-01-17 03:00:00,-42.377727170064446,1.5,739.0,3.3
IISC,2026-01-17 04:00:00,-54.85841505150064,0.7,741.0,3.3
IISC,2026-01-17 05:00:00,-55.514172662903185,2.5,732.0,3.3
IISC,2026-01-17 06:00:00,-54.27114991306705,1.9,717.0,4.0
IISC,2026-01-17 07:00:00,-53.89307968422149,-0.2,733.0,4.0
IISC,2026-01-17 08:00:00,-47.78279505355975,-0.3,702.0,4.0
IISC,2026-01-17 09:00:00,-54.83818480185616,0.9,709.0,3.0
IISC,2026-01-17 10:00:00,-64.84173853741815,-0.0,693.0,3.0
IISC,2026-01-17 11:00:00,-64.20286835104402,-0.8,692.0,3.0
IISC,2026-01-17 12:00:00,-55.32636422939067,-0.8,708.0,3.0
IISC,2026-01-17 13:00:00,-39.848221795577714,0.3,678.0,3.0
IISC,2026-01-17 14:00:00,-33.11309401992274,0.9,673.0,3.0
IISC,2026-01-17 15:00:00,-27.071768545637436,2.5,705.0,3.7
IISC,2026-01-17 16:00:00,-28.790420264253893,0.4,700.0,3.7
IISC,2026-01-17 17:00:00,-29.327945632084422,-0.5,694.0,3.7
IISC,2026-01-17 18:00:00,-21.998014376233222,1.3,699.0,4.0
IISC,2026-01-17 19:00:00,-20.262033758465922,0.5,705.0,4.0
IISC,2026-01-17 20:00:00,-10.763626452174464,1.3,696.0,4.0
IISC,2026-01-17 21:00:00,-4.905602262594212,-0.6,688.0,3.7
IISC,2026-01-17 22:00:00,3.4089625400292265,-2.5,708.0,3.7
IISC,2026-01-17 23:00:00,9.315401294268176,0.4,690.0,3.7
IISC,2026-01-18 00:00:00,9.976937013561777,2.8,681.0,2.7
IISC,2026-01-18 01:00:00,-1.3848655111082053,1.4,682.0,2.7
IISC,2026-01-18 02:00:00,-22.693730086073753,0.3,673.0,2.7
IISC,2026-01-18 03:00:00,-39.481579692138794,0.0,677.0,3.7
IISC,2026-01-18 04:00:00,-56.45890759755494,0.6,662.0,3.7
IISC,2026-01-18 05:00:00,-61.648897538033594,-0.8,640.0,3.7
IISC,2026-01-18 06:00:00,-59.89712319381411,0.1,626.0,2.7
IISC,2026-01-18 07:00:00,-60.830268517767664,-0.9,615.0,2.7
IISC,2026-01-18 08:00:00,-59.249571195280026,-1.3,609.0,2.7
IISC,2026-01-18 09:00:00,-65.02892988746967,-0.8,574.0,2.3
IISC,2026-01-18 10:00:00,-73.1275162731823,-1.2,565.0,2.3
IISC,2026-01-18 11:00:00,-71.63496448723396,-1.9,556.0,2.3
IISC,2026-01-18 12:00:00,-59.365429251714986,-2.3,552.0,2.3
IISC,2026-01-18 13:00:00,-40.357498787552224,-2.8,535.0,2.3
IISC,2026-01-18 14:00:00,-39.88662401829086,-2.2,528.0,2.3
IISC,2026-01-18 15:00:00,-37.30977844033403,-2.7,541.0,2.7
IISC,2026-01-18 16:00:00,-32.255877512263446,-1.2,523.0,2.7
IISC,2026-01-18 17:00:00,-23.672695290196966,-1.7,498.0,2.7
IISC,2026-01-18 18:00:00,-15.610239761658265,-2.9,497.0,3.7
IISC,2026-01-18 19:00:00,-15.304210616898107,-2.9,497.0,3.7
IISC,2026-01-18 20:00:00,-15.032609905744867,-2.5,487.0,3.7
IISC,2026-01-18 21:00:00,-7.528430551419658,-2.7,481.0,3.0
IISC,2026-01-18 22:00:00,-1.555750694836259,-2.7,480.0,3.0
IISC,2026-01-18 23:00:00,1.5377179909277443,-2.6,466.0,3.0
IISC,2026-01-19 00:00:00,5.696119202829823,-2.7,469.0,3.3
IISC,2026-01-19 01:00:00,-4.581695109890446,-1.2,460.0,3.3
IISC,2026-01-19 02:00:00,-22.904375489536672,1.7,471.0,3.3
IISC,2026-01-19 03:00:00,-37.62970308438498,1.0,462.0,0.7
IISC,2026-01-19 04:00:00,-47.39995790820852,-1.4,443.0,0.7
IISC,2026-01-19 05:00:00,-50.08699099491977,0.5,433.0,0.7
IISC,2026-01-19 06:00:00,-53.121933047012966,0.3,430.0,0.3
IISC,2026-01-19 07:00:00,-61.183598892764586,2.4,430.0,0.3
IISC,2026-01-19 08:00:00,-59.94470458251798,1.4,423.0,0.3
IISC,2026-01-19 09:00:00,-69.84191300994418,-0.0,418.0,1.0
IISC,2026-01-19 10:00:00,-82.64422833533386,-0.6,415.0,1.0
IISC,2026-01-19 11:00:00,-85.37265836621053,-0.7,430.0,1.0
IISC,2026-01-19 12:00:00,-67.69585329525363,1.1,429.0,1.3
IISC,2026-01-19 13:00:00,-43.318975289948675,0.2,426.0,1.3
IISC,2026-01-19 14:00:00,-35.00050645613308,-1.9,421.0,1.3
IISC,2026-01-19 15:00:00,-24.758948512128022,-2.7,423.0,3.0
IISC,2026-01-19 16:00:00,-21.334229073089535,-1.7,419.0,3.0
IISC,2026-01-19 17:00:00,-25.77988533224752,-3.8,431.0,3.0
IISC,2026-01-19 18:00:00,-33.868317304723234,-1.0,441.0,8.3
IISC,2026-01-19 19:00:00,-34.06019808654417,-5.4,739.0,8.3
IISC,2026-01-19 20:00:00,-9.514959366910231,-5.7,1108.0,8.3
IISC,2026-01-19 21:00:00,6.274019410698423,-21.8,1121.0,8.7
IISC,2026-01-19 22:00:00,5.994135948843603,58.3,1084.0,8.7
IISC,2026-01-19 23:00:00,8.65110122491932,58.9,1074.0,8.7
IISC,2026-01-20 00:00:00,9.979403716528887,52.7,1054.0,6.7
IISC,2026-01-20 01:00:00,-7.291835148081362,36.9,1034.0,6.7
IISC,2026-01-20 02:00:00,-26.219785624000316,22.4,964.0,6.7
IISC,2026-01-20 03:00:00,-39.35592228977865,10.1,923.0,5.7
IISC,2026-01-20 04:00:00,-47.52613079949613,1.1,917.0,5.7
IISC,2026-01-20 05:00:00,-51.29032657388009,-3.5,909.0,5.7
IISC,2026-01-20 06:00:00,-57.81319386637352,-18.0,959.0,7.3
IISC,2026-01-20 07:00:00,-65.47207743526148,-19.3,969.0,7.3
IISC,2026-01-20 08:00:00,-68.8262871685422,-18.1,954.0,7.3
IISC,2026-01-20 09:00:00,-82.26339302277985,-16.3,951.0,7.7
IISC,2026-01-20 10:00:00,-89.10392464294301,-14.5,951.0,7.7
IISC,2026-01-20 11:00:00,-72.70199706331162,-8.6,948.0,7.7
IISC,2026-01-20 12:00:00,-69.68685615363083,-3.8,951.0,7.3
IISC,2026-01-20 13:00:00,-56.10957666803374,-8.2,924.0,7.3
IISC,2026-01-20 14:00:00,-34.51468868978768,-9.4,906.0,7.3
IISC,2026-01-20 15:00:00,-35.71201337899673,-7.9,882.0,7.3
IISC,2026-01-20 16:00:00,-31.629366145855194,-5.1,867.0,7.3
IISC,2026-01-20 17:00:00,-23.647090315215245,-4.3,862.0,7.3
IISC,2026-01-20 18:00:00,-20.64214518160249,-13.4,850.0,7.3
IISC,2026-01-20 19:00:00,-9.992096195986734,-11.1,850.0,7.3
IISC,2026-01-20 20:00:00,3.684875770075551,-10.5,837.0,7.3
IISC,2026-01-20 21:00:00,8.421100755168307,-12.9,843.0,7.7
IISC,2026-01-20 22:00:00,12.282782682090133,-11.4,817.0,7.7
IISC,2026-01-20 23:00:00,12.59225117345832,-8.6,796.0,7.7
IISC,2026-01-21 00:00:00,12.832016392592141,-4.0,782.0,7.3
IISC,2026-01-21 01:00:00,-3.0363689909375884,-3.3,771.0,7.3
IISC,2026-01-21 02:00:00,-21.155375563997453,5.3,758.0,7.3
IISC,2026-01-21 03:00:00,-34.58814777683933,-2.1,770.0,6.7
IISC,2026-01-21 04:00:00,-41.286367750099004,-5.4,778.0,6.7
IISC,2026-01-21 05:00:00,-45.85627945918892,-3.1,747.0,6.7
IISC,2026-01-21 06:00:00,-60.407124942019195,-5.7,736.0,7.0
IISC,2026-01-21 07:00:00,-63.307670183045865,-5.4,725.0,7.0
IISC,2026-01-21 08:00:00,-60.72350175244669,-6.0,713.0,7.0
IISC,2026-01-21 09:00:00,-76.01772165493573,-5.9,704.0,6.3
IISC,2026-01-21 10:00:00,-85.2749727236369,-0.8,657.0,6.3
IISC,2026-01-21 11:00:00,-78.14330573137877,-2.6,648.0,6.3
IISC,2026-01-21 12:00:00,-65.37532833229653,1.2,641.0,4.3
IISC,2026-01-21 13:00:00,-50.666574518269066,-1.0,636.0,4.3
IISC,2026-01-21 14:00:00,-38.31552697038546,-2.0,631.0,4.3
IISC,2026-01-21 15:00:00,-23.932182696816167,0.8,626.0,4.0
IISC,2026-01-21 16:00:00,-18.37668209971406,0.2,622.0,4.0
IISC,2026-01-21 17:00:00,-14.893401177469345,-1.4,597.0,4.0
IISC,2026-01-21 18:00:00,-7.046515042830056,-0.3,588.0,3.3
IISC,2026-01-21 19:00:00,-2.7031829857811176,1.2,584.0,3.3
IISC,2026-01-21 20:00:00,2.4914402113944902,0.0,585.0,3.3
IISC,2026-01-21 21:00:00,5.0972029018213485,0.5,579.0,2.7
IISC,2026-01-21 22:00:00,12.267633132411385,0.3,585.0,2.7
IISC,2026-01-21 23:00:00,13.858569330214108,-0.9,591.0,2.7
IITK,2026-01-15 00:00:00,-33.112247608735764,1.1,567.0,2.7
IITK,2026-01-15 01:00:00,-44.312478665576535,-0.6,550.0,2.7
IITK,2026-01-15 02:00:00,-60.59940955541056,0.0,542.0,2.7
IITK,2026-01-15 03:00:00,-55.43242980326621,2.3,521.0,2.0
IITK,2026-01-15 04:00:00,-60.01785166295512,1.3,509.0,2.0
IITK,2026-01-15 05:00:00,-64.08667252982025,-1.7,486.0,2.0
IITK,2026-01-15 06:00:00,-67.60627876351147,-2.5,495.0,2.7
IITK,2026-01-15 07:00:00,-62.8147928946765,1.8,549.0,2.7
IITK,2026-01-15 08:00:00,-57.71934468747917,-4.3,571.0,2.7
IITK,2026-01-15 09:00:00,-76.87687943604891,-2.4,617.0,2.3
IITK,2026-01-15 10:00:00,-69.39270598402267,-0.9,620.0,2.3
IITK,2026-01-15 11:00:00,-59.04883042452346,0.8,628.0,2.3
IITK,2026-01-15 12:00:00,-52.094334590712506,1.5,639.0,1.0
IITK,2026-01-15 13:00:00,-46.60488483497195,0.9,587.0,1.0
IITK,2026-01-15 14:00:00,-41.87644690339891,0.3,576.0,1.0
IITK,2026-01-15 15:00:00,-35.915821260338774,-1.6,593.0,3.0
IITK,2026-01-15 16:00:00,-42.611823462391165,-0.4,621.0,3.0
IITK,2026-01-15 17:00:00,-40.6321852521498,-0.7,628.0,3.0
IITK,2026-01-15 18:00:00,-36.50191484611421,-0.5,626.0,3.0
IITK,2026-01-15 19:00:00,-43.26834485897906,-1.9,615.0,3.0
IITK,2026-01-15 20:00:00,-45.00216103693569,-0.5,611.0,3.0
IITK,2026-01-15 21:00:00,-46.13707632236973,2.5,599.0,2.3
IITK,2026-01-15 22:00:00,-42.46483365806819,1.6,607.0,2.3
IITK,2026-01-15 23:00:00,-38.682072060690416,1.8,587.0,2.3
IITK,2026-01-16 00:00:00,-46.33551252478776,2.2,550.0,3.3
IITK,2026-01-16 01:00:00,-48.73394338061722,0.5,550.0,3.3
IITK,2026-01-16 02:00:00,-58.12503534451348,4.3,563.0,3.3
IITK,2026-01-16 03:00:00,-73.42326033009297,2.5,594.0,3.7
IITK,2026-01-16 04:00:00,-80.19317348513292,0.4,664.0,3.7
IITK,2026-01-16 05:00:00,-81.5364312119645,2.0,707.0,3.7
IITK,2026-01-16 06:00:00,-79.54353079045472,-1.4,688.0,3.3
IITK,2026-01-16 07:00:00,-67.41352246258326,1.5,679.0,3.3
IITK,2026-01-16 08:00:00,-67.86951795242716,1.0,679.0,3.3
IITK,2026-01-16 09:00:00,-79.01194227724838,-0.4,656.0,2.7
IITK,2026-01-16 10:00:00,-68.96248581817662,2.3,612.0,2.7
IITK,2026-01-16 11:00:00,-59.85143002756299,5.8,604.0,2.7
IITK,2026-01-16 12:00:00,-56.66151759837432,2.6,608.0,3.3
IITK,2026-01-16 13:00:00,-55.99164279764372,4.0,653.0,3.3
IITK,2026-01-16 14:00:00,-45.910503822936214,-2.3,656.0,3.3
IITK,2026-01-16 15:00:00,-51.71556529313775,-2.1,657.0,5.0
IITK,2026-01-16 16:00:00,-50.04545593449088,3.6,663.0,5.0
IITK,2026-01-16 17:00:00,-51.68760534750516,-3.1,686.0,5.0
IITK,2026-01-16 18:00:00,-45.83730499814251,2.1,672.0,4.0
IITK,2026-01-16 19:00:00,-40.791823162036366,1.9,695.0,4.0
IITK,2026-01-16 20:00:00,-42.586749056862864,1.8,690.0,4.0
IITK,2026-01-16 21:00:00,-36.031962462034436,0.9,680.0,4.7
IITK,2026-01-16 22:00:00,-31.01842037699031,-0.0,691.0,4.7
IITK,2026-01-16 23:00:00,-29.79136163530969,3.5,671.0,4.7
IITK,2026-01-17 00:00:00,-30.096244478479385,-0.1,674.0,5.0
IITK,2026-01-17 01:00:00,-49.65919926105155,-1.2,679.0,5.0
IITK,2026-01-17 02:00:00,-63.13771618485608,-2.0,690.0,5.0
IITK,2026-01-17 03:00:00,-67.11454270046319,1.5,739.0,3.3
IITK,2026-01-17 04:00:00,-72.99909282980977,0.7,741.0,3.3
IITK,2026-01-17 05:00:00,-76.76197123834156,2.5,732.0,3.3
IITK,2026-01-17 06:00:00,-71.65322529443173,1.9,717.0,4.0
IITK,2026-01-17 07:00:00,-61.709074748404056,-0.2,733.0,4.0
IITK,2026-01-17 08:00:00,-61.783264408714416,-0.3,702.0,4.0
IITK,2026-01-17 09:00:00,-86.92404992051671,0.9,709.0,3.0
IITK,2026-01-17 10:00:00,-75.89425606834624,-0.0,693.0,3.0
IITK,2026-01-17 11:00:00,-82.0984951115778,-0.8,692.0,3.0
IITK,2026-01-17 12:00:00,-68.65472745000767,-0.8,708.0,3.0
IITK,2026-01-17 13:00:00,-64.58314614706319,0.3,678.0,3.0
IITK,2026-01-17 14:00:00,-56.05309091254741,0.9,673.0,3.0
IITK,2026-01-17 15:00:00,-54.24378386383916,2.5,705.0,3.7
IITK,2026-01-17 16:00:00,-63.54736983337471,0.4,700.0,3.7
IITK,2026-01-17 17:00:00,-61.23356129447784,-0.5,694.0,3.7
IITK,2026-01-17 18:00:00,-59.485452309405524,1.3,699.0,4.0
IITK,2026-01-17 19:00:00,-62.550544336184934,0.5,705.0,4.0
IITK,2026-01-17 20:00:00,-59.46779140739609,1.3,696.0,4.0
IITK,2026-01-17 21:00:00,-59.180753969365924,-0.6,688.0,3.7
IITK,2026-01-17 22:00:00,-58.73712434965215,-2.5,708.0,3.7
IITK,2026-01-17 23:00:00,-57.732322093426255,0.4,690.0,3.7
IITK,2026-01-19 00:00:00,-32.77189319609457,-2.7,469.0,3.3
IITK,2026-01-19 01:00:00,-43.695853187396786,-1.2,460.0,3.3
IITK,2026-01-19 02:00:00,-59.9354317450833,1.7,471.0,3.3
IITK,2026-01-19 03:00:00,-60.58867209027526,1.0,462.0,0.7
IITK,2026-01-19 04:00:00,-63.49250900233647,-1.4,443.0,0.7
IITK,2026-01-19 05:00:00,-66.47986123874387,0.5,433.0,0.7
IITK,2026-01-19 06:00:00,-64.3807399607239,0.3,430.0,0.3
IITK,2026-01-19 07:00:00,-69.58625399431244,2.4,430.0,0.3
IITK,2026-01-19 08:00:00,-74.22366551356706,1.4,423.0,0.3
IITK,2026-01-19 09:00:00,-88.78921012906015,-0.0,418.0,1.0
IITK,2026-01-19 10:00:00,-83.14570355123574,-0.6,415.0,1.0
IITK,2026-01-19 11:00:00,-96.19070104838784,-0.7,430.0,1.0
IITK,2026-01-19 12:00:00,-82.61781633350621,1.1,429.0,1.3
IITK,2026-01-19 13:00:00,-61.143563744261314,0.2,426.0,1.3
IITK,2026-01-19 14:00:00,-64.19751002510597,-1.9,421.0,1.3
IITK,2026-01-19 15:00:00,-48.514548818753205,-2.7,423.0,3.0
IITK,2026-01-19 16:00:00,-55.32056562046035,-1.7,419.0,3.0
IITK,2026-01-19 17:00:00,-38.5770490408098,-3.8,431.0,3.0
IITK,2026-01-19 18:00:00,-39.20059265612229,-1.0,441.0,8.3
IITK,2026-01-19 19:00:00,-41.25819602822578,-5.4,739.0,8.3
IITK,2026-01-19 20:00:00,-36.545108265238916,-5.7,1108.0,8.3
IITK,2026-01-19 21:00:00,-35.031369231698704,-21.8,1121.0,8.7
IITK,2026-01-19 22:00:00,-38.38872978272927,58.3,1084.0,8.7
IITK,2026-01-19 23:00:00,-36.89877843890361,58.9,1074.0,8.7
IITK,2026-01-20 00:00:00,-36.87359930288297,52.7,1054.0,6.7
IITK,2026-01-20 01:00:00,-55.4015594339832,36.9,1034.0,6.7
IITK,2026-01-20 02:00:00,-82.60435381172368,22.4,964.0,6.7
IITK,2026-01-20 03:00:00,-102.79940904079756,10.1,923.0,5.7
IITK,2026-01-20 04:00:00,-105.48170828649171,1.1,917.0,5.7
IITK,2026-01-20 05:00:00,-119.44962932993916,-3.5,909.0,5.7
IITK,2026-01-20 06:00:00,-127.13900216067483,-18.0,959.0,7.3
IITK,2026-01-20 07:00:00,-132.93124630832642,-19.3,969.0,7.3
IITK,2026-01-20 08:00:00,-153.10779573870516,-18.1,954.0,7.3
IITK,2026-01-20 09:00:00,-173.44915222783195,-16.3,951.0,7.7
IITK,2026-01-20 10:00:00,-169.61457122032502,-14.5,951.0,7.7
IITK,2026-01-20 11:00:00,-174.66629117031724,-8.6,948.0,7.7
IITK,2026-01-20 12:00:00,-145.682926967355,-3.8,951.0,7.3
IITK,2026-01-20 13:00:00,-108.38444721394562,-8.2,924.0,7.3
IITK,2026-01-20 14:00:00,-96.14569601291142,-9.4,906.0,7.3
IITK,2026-01-20 15:00:00,-80.73715018253328,-7.9,882.0,7.3
IITK,2026-01-20 16:00:00,-87.66978741601841,-5.1,867.0,7.3
IITK,2026-01-20 17:00:00,-79.30165440336035,-4.3,862.0,7.3
IITK,2026-01-20 18:00:00,-72.24410354253679,-13.4,850.0,7.3
IITK,2026-01-20 19:00:00,-71.58373778778942,-11.1,850.0,7.3
IITK,2026-01-20 20:00:00,-65.21451809759394,-10.5,837.0,7.3
IITK,2026-01-20 21:00:00,-63.19124710610886,-12.9,843.0,7.7
IITK,2026-01-20 22:00:00,-60.668784958177525,-11.4,817.0,7.7
IITK,2026-01-20 23:00:00,-59.74201318753357,-8.6,796.0,7.7
IITK,2026-01-21 00:00:00,-61.139861981097944,-4.0,782.0,7.3
IITK,2026-01-21 01:00:00,-75.55495057836826,-3.3,771.0,7.3
IITK,2026-01-21 02:00:00,-91.66343852036094,5.3,758.0,7.3
IITK,2026-01-21 03:00:00,-105.77760299978799,-2.1,770.0,6.7
IITK,2026-01-21 04:00:00,-111.11843239412045,-5.4,778.0,6.7
IITK,2026-01-21 05:00:00,-121.67051927948813,-3.1,747.0,6.7
IITK,2026-01-21 06:00:00,-126.46043429409268,-5.7,736.0,7.0
IITK,2026-01-21 07:00:00,-116.99988683651219,-5.4,725.0,7.0
IITK,2026-01-21 08:00:00,-103.05519465769893,-6.0,713.0,7.0
IITK,2026-01-21 09:00:00,-106.60988781606213,-5.9,704.0,6.3
IITK,2026-01-21 10:00:00,-94.26364438520201,-0.8,657.0,6.3
IITK,2026-01-21 11:00:00,-111.71674075161675,-2.6,648.0,6.3
IITK,2026-01-21 12:00:00,-104.3172556832702,1.2,641.0,4.3
IITK,2026-01-21 13:00:00,-88.25648114913707,-1.0,636.0,4.3
IITK,2026-01-21 14:00:00,-72.64952708127267,-2.0,631.0,4.3
IITK,2026-01-21 15:00:00,-70.87284131700291,0.8,626.0,4.0
IITK,2026-01-21 16:00:00,-73.73840543560705,0.2,622.0,4.0
IITK,2026-01-21 17:00:00,-67.98035421675567,-1.4,597.0,4.0
IITK,2026-01-21 18:00:00,-66.73295947873595,-0.3,588.0,3.3
IITK,2026-01-21 19:00:00,-67.47282306906764,1.2,584.0,3.3
IITK,2026-01-21 20:00:00,-61.88942891760734,0.0,585.0,3.3
IITK,2026-01-21 21:00:00,-60.13298890316824,0.5,579.0,2.7
IITK,2026-01-21 22:00:00,-59.03665778165479,0.3,585.0,2.7
IITK,2026-01-21 23:00:00,-57.57437927157385,-0.9,591.0,2.7
